{
	"glasswareStart" : "true",
	"compoundFormula" : "HCl",
	"volume" : "100",
	"molarity" : "1.0",
	"objects" : [ 
	{
		"typeOfStep" : "1",
		"option1" : "Opcao 1",
		"option2" : "Opcao 2",
		"option3" : "Opcao 3",
		"option4" : "Opcao 4",
		"option5" : "Opcao 5",
		"correctAnswer" : "3"
	},
	{
		"typeOfStep" : "2",
		"correctAnswer": "HCl",
	},
	{
		"typeOfStep" : "3",
		"compoundFormula": "HCl",
		"correctAnswer" : "1.0",
		"maxError" : "0.2"
	},
	{
		"typeOfStep" : "4",
		"compoundFormula": "HCl",
		"molarity": "1.0",
		"minVolume": "25",
		"maxError": "0.2"
	}]
}