{
	"objects": [{
		"name": "Ácido Clorídrico",
		"formula": "HCl",
		"isSolid": "False",
		"molarMass": "36.5",
		"purity": "0.37",
		"density": "1.18",
		"polarizability": "0",
		"compoundColorR": "255",
		"compoundColorG": "255",
		"compoundColorB": "255",
		"irSpecter": "",
		"conductibility": "1",
		"solubility": "1",
		"fumeHoodOnly": "True",
		"pH": "0",
		"turbidity": "0.5",
		"refratometer": "2",
		"flameSpecter": "0.5",
		"uvSpecter": "",
		"hplc": ""
	}, {
		"name": "Hidróxido de Sódio",
		"formula": "NaOH",
		"isSolid": "True",
		"molarMass": "40",
		"purity": "1",
		"density": "1",
		"polarizability": "0",
		"compoundColorR": "255",
		"compoundColorG": "255",
		"compoundColorB": "255",
		"irSpecter": "",
		"conductibility": "2",
		"solubility": "1",
		"fumeHoodOnly": "False"
	}, {
		"name": "Ácido Sulfúrico",
		"formula": "H2SO4",
		"isSolid": "False",
		"molarMass": "98",
		"purity": "0.65",
		"density": "1.84",
		"polarizability": "0",
		"compoundColorR": "255",
		"compoundColorG": "200",
		"compoundColorB": "90",
		"irSpecter": "",
		"conductibility": "2",
		"solubility": "1",
		"fumeHoodOnly": "False",
		"pH": "0",
		"turbidity": "2",
		"refratometer": "2",
		"flameSpecter": "0.5",
		"uvSpecter": "",
		"hplc": ""
	}]
}